{
  "17": {
    "RV": 0.946894356201891,
    "Myo": 0.8744216566290405,
    "LV": 0.9641193233474983,
    "mean": 0.9284784453928099
  },
  "18": {
    "RV": 0.7503135675252284,
    "Myo": 0.8819957423646061,
    "LV": 0.9716842228590516,
    "mean": 0.8679978442496287
  },
  "19": {
    "RV": 0.9156094737945782,
    "Myo": 0.9177077440621294,
    "LV": 0.9737930985676327,
    "mean": 0.9357034388081135
  },
  "20": {
    "RV": 0.7940289133644616,
    "Myo": 0.7902714698848472,
    "LV": 0.861093594096102,
    "mean": 0.8151313257818037
  },
  "37": {
    "RV": 0.46900354832644603,
    "Myo": 0.72290327867747,
    "LV": 0.631981795984795,
    "mean": 0.6079628743295703
  },
  "38": {
    "RV": 0.579788567248724,
    "Myo": 0.8782816125983843,
    "LV": 0.8932054619465285,
    "mean": 0.7837585472645455
  },
  "39": {
    "RV": 0.8259106017806249,
    "Myo": 0.7753683399564865,
    "LV": 0.6987116945956449,
    "mean": 0.7666635454442522
  },
  "40": {
    "RV": 0.640305845624058,
    "Myo": 0.8798803969098646,
    "LV": 0.8894927625078551,
    "mean": 0.8032263350139259
  },
  "57": {
    "RV": 0.6887441940186185,
    "Myo": 0.9252032540821951,
    "LV": 0.9470388659534281,
    "mean": 0.8536621046847473
  },
  "58": {
    "RV": 0.8110536202747611,
    "Myo": 0.8339199310318938,
    "LV": 0.9172507014355153,
    "mean": 0.8540747509140566
  },
  "59": {
    "RV": 0.7123274953628917,
    "Myo": 0.8402897394764771,
    "LV": 0.8484930884685513,
    "mean": 0.8003701077693067
  },
  "60": {
    "RV": 0.4086991042975816,
    "Myo": 0.8399986566468519,
    "LV": 0.9634830749270347,
    "mean": 0.737393611957156
  },
  "77": {
    "RV": 0.5685274081202994,
    "Myo": 0.9339127373981729,
    "LV": 0.9065415816893126,
    "mean": 0.8029939090692616
  },
  "78": {
    "RV": 0.8620867009190544,
    "Myo": 0.9131774010378917,
    "LV": 0.9211893924271499,
    "mean": 0.8988178314613653
  },
  "79": {
    "RV": 0.7378469747726774,
    "Myo": 0.9069853843148731,
    "LV": 0.8010956349188726,
    "mean": 0.8153093313354743
  },
  "80": {
    "RV": 0.7802642519709058,
    "Myo": 0.9411820206750093,
    "LV": 0.9567790700929861,
    "mean": 0.8927417809129671
  },
  "97": {
    "RV": 0.8631586581514158,
    "Myo": 0.8955820578260232,
    "LV": 0.8860671950027906,
    "mean": 0.8816026369934099
  },
  "98": {
    "RV": 0.6841273803957169,
    "Myo": 0.7659299368695621,
    "LV": 0.6106687444024744,
    "mean": 0.6869086872225845
  },
  "99": {
    "RV": 0.7952359981510198,
    "Myo": 0.8199182658801268,
    "LV": 0.8398496775436002,
    "mean": 0.8183346471915822
  },
  "100": {
    "RV": 0.767617162103211,
    "Myo": 0.8779339075056892,
    "LV": 0.8759703633634942,
    "mean": 0.8405071443241314
  }
}