{
  "81": {
    "RV": 0.9567664031036315,
    "Myo": 0.928090982134117,
    "LV": 0.9605519629487288,
    "mean": 0.9484697827288259
  },
  "82": {
    "RV": 0.9339805159884436,
    "Myo": 0.93842404319749,
    "LV": 0.920269257128644,
    "mean": 0.9308912721048591
  },
  "83": {
    "RV": 0.9711331492838293,
    "Myo": 0.9268747987848857,
    "LV": 0.8364848797581885,
    "mean": 0.9114976092756345
  },
  "84": {
    "RV": 0.8927027854488264,
    "Myo": 0.9245675814484646,
    "LV": 0.8615305785306769,
    "mean": 0.8929336484759892
  },
  "85": {
    "RV": 0.9626232048428973,
    "Myo": 0.9428128797561313,
    "LV": 0.9251989441948157,
    "mean": 0.9435450095979481
  },
  "86": {
    "RV": 0.9758447447435172,
    "Myo": 0.941973850579498,
    "LV": 0.9439580799253778,
    "mean": 0.953925558416131
  },
  "87": {
    "RV": 0.9695627887715748,
    "Myo": 0.9532182172077782,
    "LV": 0.95215964396521,
    "mean": 0.9583135499815211
  },
  "88": {
    "RV": 0.9670228539604888,
    "Myo": 0.9338771570498899,
    "LV": 0.9447968129322345,
    "mean": 0.9485656079808712
  },
  "89": {
    "RV": 0.9364541697440646,
    "Myo": 0.9437023573657753,
    "LV": 0.9304429233233341,
    "mean": 0.9368664834777247
  },
  "90": {
    "RV": 0.9611592960608303,
    "Myo": 0.9299641653974705,
    "LV": 0.9585965216782976,
    "mean": 0.9499066610455328
  },
  "91": {
    "RV": 0.921155105204141,
    "Myo": 0.8931960361417856,
    "LV": 0.951542512450195,
    "mean": 0.9219645512653738
  },
  "92": {
    "RV": 0.9721385478552704,
    "Myo": 0.9502247563122586,
    "LV": 0.9499480395967949,
    "mean": 0.957437114588108
  },
  "93": {
    "RV": 0.8633474275825124,
    "Myo": 0.9401544358872458,
    "LV": 0.9626629023947899,
    "mean": 0.9220549219548494
  },
  "94": {
    "RV": 0.9561875035290492,
    "Myo": 0.9142443778598317,
    "LV": 0.9198341209132023,
    "mean": 0.9300886674340277
  },
  "95": {
    "RV": 0.9622816029672674,
    "Myo": 0.9341795490111667,
    "LV": 0.9533220822944911,
    "mean": 0.9499277447576419
  },
  "96": {
    "RV": 0.9686117139622503,
    "Myo": 0.930756706443938,
    "LV": 0.9421991172680684,
    "mean": 0.9471891792247522
  },
  "97": {
    "RV": 0.8623601255279112,
    "Myo": 0.8916801658231481,
    "LV": 0.882795777927986,
    "mean": 0.8789453564263484
  },
  "98": {
    "RV": 0.6842159234853508,
    "Myo": 0.7649589073327918,
    "LV": 0.6110654850789452,
    "mean": 0.6867467719656958
  },
  "99": {
    "RV": 0.7945723381055065,
    "Myo": 0.8157972814156643,
    "LV": 0.8431354592341053,
    "mean": 0.8178350262517586
  },
  "100": {
    "RV": 0.7660500943435528,
    "Myo": 0.8791061141370385,
    "LV": 0.8740616021749796,
    "mean": 0.8397392702185237
  }
}